url,slug,title_prefix,category_slug,category_name,topic_slugs,primary_keyword,primary_keyword_status,primary_keyword_competition,secondary_keywords,chinese_search_query
https://www.mmhow.com/articles/1688-dropshipping-compliance-listing-gates,1688-dropshipping-compliance-listing-gates,,e-commerce--dropshipping,E-commerce & Dropshipping,e-commerce,e commerce money,used,低,e commerce passive income|passive income e commerce|side hustle ecommerce,e commerce money 副业 2026
https://www.mmhow.com/articles/1688-dropshipping-margin-gates-blue-ocean,1688-dropshipping-margin-gates-blue-ocean,,e-commerce--dropshipping,E-commerce & Dropshipping,e-commerce,e commerce money,used,低,e commerce passive income|passive income e commerce|side hustle ecommerce,e commerce money 副业 2026
https://www.mmhow.com/articles/1688-dropshipping-supplier-gate-qc-loop,1688-dropshipping-supplier-gate-qc-loop,,e-commerce--dropshipping,E-commerce & Dropshipping,e-commerce,e commerce money,used,低,e commerce passive income|passive income e commerce|side hustle ecommerce,e commerce money 副业 2026
https://www.mmhow.com/articles/ai-agent-multi-platform-content-stack,ai-agent-multi-platform-content-stack,,ai-powered-side-hustles,AI-Powered Side Hustles,ai-side-hustles,ai for making money,used,#46,online platform for earning money for students|platforms for earning money online|ai to earn money,AI 赚钱 副业 2026
https://www.mmhow.com/articles/ai-app-layer-evening-blocks-scoped-delivery,ai-app-layer-evening-blocks-scoped-delivery,,ai-powered-side-hustles,AI-Powered Side Hustles,ai-side-hustles,ai for making money,used,#46,ai to earn money|to gain money,AI 赚钱 副业 2026
https://www.mmhow.com/articles/ai-digital-product-spine-scarcity-delivery,ai-digital-product-spine-scarcity-delivery,,e-commerce--dropshipping,E-commerce & Dropshipping,e-commerce,e commerce money,used,低,e commerce passive income|passive income e commerce|side hustle ecommerce,e commerce money 副业 2026
https://www.mmhow.com/articles/ai-digital-product-template-factory-sku-loop,ai-digital-product-template-factory-sku-loop,,e-commerce--dropshipping,E-commerce & Dropshipping,e-commerce,e commerce money,used,低,e commerce passive income|passive income e commerce|side hustle ecommerce,e commerce money 副业 2026
https://www.mmhow.com/articles/ai-proven-methods-side-hustle-operator-loop,ai-proven-methods-side-hustle-operator-loop,,ai-powered-side-hustles,AI-Powered Side Hustles,ai-side-hustles,a good side hustle to make money,used,#61,a side hustle that makes money|after work side hustles|as a side hustle,副业 赚钱 2026
https://www.mmhow.com/articles/ai-skills-students-bounded-practice-lanes,ai-skills-students-bounded-practice-lanes,,ai-powered-side-hustles,AI-Powered Side Hustles,ai-side-hustles,ai for making money,used,#46,ai to earn money|to gain money|money earning ways for students,AI 赚钱 副业 2026
https://www.mmhow.com/articles/ai-skills-students-labeling-writing-path,ai-skills-students-labeling-writing-path,,ai-powered-side-hustles,AI-Powered Side Hustles,ai-side-hustles,ai for making money,used,#46,ai to earn money|to gain money|money earning ways for students,AI 赚钱 副业 2026
https://www.mmhow.com/articles/ai-virtual-ecommerce-tiktok-relay-cell,ai-virtual-ecommerce-tiktok-relay-cell,,e-commerce--dropshipping,E-commerce & Dropshipping,e-commerce,e commerce money,used,低,e commerce passive income|passive income e commerce|side hustle ecommerce,e commerce money 副业 2026
https://www.mmhow.com/articles/digital-product-passive-income-triple-sleeve,digital-product-passive-income-triple-sleeve,,e-commerce--dropshipping,E-commerce & Dropshipping,e-commerce,e commerce passive income,used,#98"",passive income e commerce|digital product passive income|digital products passive income,被动收入 2026
https://www.mmhow.com/articles/douyin-vs-red-commerce-paths-comparison,douyin-vs-red-commerce-paths-comparison,,social-media-monetization-red--douyin,Social Media Monetization (RED & Douyin),social-media|content-creation,side hustle social media,used,#57,social media side hustle|e commerce money|e commerce passive income,社交媒体副业 运营 2026
https://www.mmhow.com/articles/douyin-vs-red-platform-comparison-monetization,douyin-vs-red-platform-comparison-monetization,,social-media-monetization-red--douyin,Social Media Monetization (RED & Douyin),social-media|content-creation,online platform for earning money for students,used,中,platforms for earning money online|side hustle social media|social media side hustle,大学生 网上 2026
https://www.mmhow.com/articles/dropship-compliance-starter-margin-gates,dropship-compliance-starter-margin-gates,,e-commerce--dropshipping,E-commerce & Dropshipping,e-commerce,e commerce money,used,低,e commerce passive income|passive income e commerce|side hustle ecommerce,e commerce money 副业 2026
https://www.mmhow.com/articles/e-commerce-money-toolkit-selection-pool,e-commerce-money-toolkit-selection-pool,,e-commerce--dropshipping,E-commerce & Dropshipping,e-commerce,money makes money and the money that makes money,used,#54,step by step guide to make money online|ways to make more money with money|best ways to make money as a side hustle,money makes money and the money that makes money 副业 2026
https://www.mmhow.com/articles/earn-additional-income-home-operator-loop,earn-additional-income-home-operator-loop,,investment--passive-income,Investment & Passive Income,investing|passive-income,earn money online passive income,used,#63,start earning passive income|ways to earn passive income online|ways to start making passive income,被动收入 网上赚钱 2026
https://www.mmhow.com/articles/earn-and-make-money-student-fiction-evening-blocks,earn-and-make-money-student-fiction-evening-blocks,,ai-powered-side-hustles,AI-Powered Side Hustles,ai-side-hustles,money makes money and the money that makes money,used,#54,earn money and make money|make money and earn money|earn and make money,money makes money and the money that makes money 副业 2026
https://www.mmhow.com/articles/earn-and-make-money-student-fiction-skills-path,earn-and-make-money-student-fiction-skills-path,,ai-powered-side-hustles,AI-Powered Side Hustles,ai-side-hustles,money makes money and the money that makes money,used,#54,earn money and make money|make money and earn money|earn and make money,money makes money and the money that makes money 副业 2026
https://www.mmhow.com/articles/earn-money-from-freelancing-escrow-milestone-map,earn-money-from-freelancing-escrow-milestone-map,,freelancing--remote-work,Freelancing & Remote Work,freelancing|work-from-home,earn money from freelancing,used,#50,earn money online freelancing|freelancing earn money online|earn money earn money,自由职业 接单 赚钱 2026
https://www.mmhow.com/articles/earn-money-online-micro-offer-validation-ladder,earn-money-online-micro-offer-validation-ladder,,knowledge-monetization--online-courses,Knowledge Monetization & Online Courses,online-courses|make-money-online,online course earn money,used,#10,earn money earn money|money makes money and the money that makes money|online money earn money,知识付费 在线课程 赚钱 2026
https://www.mmhow.com/articles/earn-money-online-without-investment-ai-comic-lane,earn-money-online-without-investment-ai-comic-lane,,ai-powered-side-hustles,AI-Powered Side Hustles,ai-side-hustles,earn money with investment online,used,#59,earn more money online without investment|start earning money online without investment|tips to earn money online without investment,赚钱 投资 理财 网上 2026
https://www.mmhow.com/articles/earn-more-income-novel-clip-steady-posting,earn-more-income-novel-clip-steady-posting,,social-media-monetization-red--douyin,Social Media Monetization (RED & Douyin),social-media|content-creation,earn more income,used,#167"",earn additional income online|earn an income|earn money earn money,earn more income 副业 2026
https://www.mmhow.com/articles/earn-more-income-red-matrix-note-commerce,earn-more-income-red-matrix-note-commerce,,social-media-monetization-red--douyin,Social Media Monetization (RED & Douyin),social-media|content-creation,earn more income,used,#167"",earn additional income online|earn an income|earn money earn money,earn more income 副业 2026
https://www.mmhow.com/articles/earn-more-income-red-note-commerce-spine,earn-more-income-red-note-commerce-spine,,social-media-monetization-red--douyin,Social Media Monetization (RED & Douyin),social-media|content-creation,earn more income,used,#167"",earn additional income online|earn an income|earn money earn money,earn more income 副业 2026
https://www.mmhow.com/articles/eight-wfh-hustles-evening-service-blocks,eight-wfh-hustles-evening-service-blocks,,work-from-home--micro-business,Work-from-Home & Micro-Business,work-from-home|make-money-online|side-hustles,good side hustles to make money from home,used,#61,hustles to make money from home|make money from home side hustle|online work from home side hustles,居家副业 推荐 2026
https://www.mmhow.com/articles/eight-wfh-hustles-evening-stack,eight-wfh-hustles-evening-stack,,work-from-home--micro-business,Work-from-Home & Micro-Business,work-from-home|make-money-online|side-hustles,good side hustles to make money from home,used,#61,hustles to make money from home|make money from home side hustle|online work from home side hustles,居家副业 推荐 2026
https://www.mmhow.com/articles/etf-starter-quality-funds-expense-gates,etf-starter-quality-funds-expense-gates,,investment--passive-income,Investment & Passive Income,investing|passive-income,ways to start making passive income,available,中,start earning passive income|start making passive income|building passive income streams,被动收入 2026
https://www.mmhow.com/articles/four-pillars-creator-economy-monetization-spine,four-pillars-creator-economy-monetization-spine,,social-media-monetization-red--douyin,Social Media Monetization (RED & Douyin),social-media|content-creation,side hustle social media,used,#57,social media side hustle|content creator make money|content creator side hustle,社交媒体副业 运营 2026
https://www.mmhow.com/articles/freelance-coding-ai-bounded-offers,freelance-coding-ai-bounded-offers,,ai-powered-side-hustles,AI-Powered Side Hustles,ai-side-hustles,ai for making money,used,#46,ai to earn money|to gain money,AI 赚钱 副业 2026
https://www.mmhow.com/articles/freelance-coding-ai-human-coupling-spine,freelance-coding-ai-human-coupling-spine,,ai-powered-side-hustles,AI-Powered Side Hustles,ai-side-hustles,ai for making money,used,#46,ai to earn money|to gain money,AI 赚钱 副业 2026
https://www.mmhow.com/articles/freelance-coding-ai-side-income-escrow-scope,freelance-coding-ai-side-income-escrow-scope,,ai-powered-side-hustles,AI-Powered Side Hustles,ai-side-hustles,earn side income online,used,#52,extra income side hustles|income side hustle|online side income ideas,网上 2026
https://www.mmhow.com/articles/freelance-platforms-comparison-upwork-fiverr,freelance-platforms-comparison-upwork-fiverr,,freelancing--remote-work,Freelancing & Remote Work,freelancing|work-from-home,online platform for earning money for students,used,中,home based work for earning money|platforms for earning money online|side hustles for after work,大学生 网上 2026
https://www.mmhow.com/articles/freelancing-side-dev-ai-assisted-delivery,freelancing-side-dev-ai-assisted-delivery,,ai-powered-side-hustles,AI-Powered Side Hustles,ai-side-hustles,ai for making money,used,#46,ai to earn money|freelancing side|a good side hustle to make money,AI 赚钱 副业 2026
https://www.mmhow.com/articles/give-me-money-online-tiktok-content-rails,give-me-money-online-tiktok-content-rails,,social-media-monetization-red--douyin,Social Media Monetization (RED & Douyin),social-media|content-creation,money makes money and the money that makes money,used,#54,earn money online zero investment|earn money with investment online|give me money online,money makes money and the money that makes money 副业 2026
https://www.mmhow.com/articles/give-me-money-online-tiktok-shop-matrix,give-me-money-online-tiktok-shop-matrix,,e-commerce--dropshipping,E-commerce & Dropshipping,e-commerce,money makes money and the money that makes money,used,#54,e commerce money|e commerce passive income|passive income e commerce,money makes money and the money that makes money 副业 2026
https://www.mmhow.com/articles/index-fund-sip-starter-allocation-gates,index-fund-sip-starter-allocation-gates,,investment--passive-income,Investment & Passive Income,investing|passive-income,ways to start making passive income,available,中,start earning passive income|start making passive income|building passive income streams,被动收入 2026
https://www.mmhow.com/articles/index-fund-sip-starter-operator-ledger,index-fund-sip-starter-operator-ledger,,investment--passive-income,Investment & Passive Income,investing|passive-income,ways to start making passive income,available,中,start earning passive income|start making passive income|building passive income streams,被动收入 2026
https://www.mmhow.com/articles/index-fund-starter-roadmap-dca-core,index-fund-starter-roadmap-dca-core,,investment--passive-income,Investment & Passive Income,investing|passive-income,ways to start making passive income,available,中,start earning passive income|start making passive income|building passive income streams,被动收入 2026
https://www.mmhow.com/articles/index-funds-starter-passive-sleeve,index-funds-starter-passive-sleeve,,investment--passive-income,Investment & Passive Income,investing|passive-income,ways to start making passive income,available,中,start earning passive income|start making passive income|building passive income streams,被动收入 2026
https://www.mmhow.com/articles/knowledge-funnel-overseas-bridge-packaging,knowledge-funnel-overseas-bridge-packaging,,knowledge-monetization--online-courses,Knowledge Monetization & Online Courses,online-courses|make-money-online,online course earn money,used,#10,online course that make money|earn over,知识付费 在线课程 赚钱 2026
https://www.mmhow.com/articles/knowledge-funnel-paid-community-bridge,knowledge-funnel-paid-community-bridge,,knowledge-monetization--online-courses,Knowledge Monetization & Online Courses,online-courses|make-money-online,online course earn money,used,#10,online course that make money,知识付费 在线课程 赚钱 2026
https://www.mmhow.com/articles/knowledge-funnel-paid-community-ladder,knowledge-funnel-paid-community-ladder,,knowledge-monetization--online-courses,Knowledge Monetization & Online Courses,online-courses|make-money-online,online course earn money,used,#10,online course that make money,知识付费 在线课程 赚钱 2026
https://www.mmhow.com/articles/knowledge-funnel-paid-community-lite,knowledge-funnel-paid-community-lite,,knowledge-monetization--online-courses,Knowledge Monetization & Online Courses,online-courses|make-money-online,online course earn money,used,#10,online course that make money,知识付费 在线课程 赚钱 2026
https://www.mmhow.com/articles/knowledge-opc-private-domain-defend-attack,knowledge-opc-private-domain-defend-attack,,knowledge-monetization--online-courses,Knowledge Monetization & Online Courses,online-courses|make-money-online,online course earn money,used,#10,online course that make money,知识付费 在线课程 赚钱 2026
https://www.mmhow.com/articles/make-money-content-creator-monetization-spine,make-money-content-creator-monetization-spine,,social-media-monetization-red--douyin,Social Media Monetization (RED & Douyin),social-media|content-creation,money makes money and the money that makes money,used,#54,ways to make your money make money|content creator make money|make money as a content creator,money makes money and the money that makes money 副业 2026
https://www.mmhow.com/articles/make-money-doing-ai-agent-coze-delivery-spine,make-money-doing-ai-agent-coze-delivery-spine,,ai-powered-side-hustles,AI-Powered Side Hustles,ai-side-hustles,money makes money and the money that makes money,used,#54,ways to make your money make money|ways to make money with your money|ways to make more money with money,money makes money and the money that makes money 副业 2026
https://www.mmhow.com/articles/make-more-income-wfh-batch-content-spine,make-more-income-wfh-batch-content-spine,,social-media-monetization-red--douyin,Social Media Monetization (RED & Douyin),social-media|content-creation,make more income,used,50,ways to make more money with money|earn more income|make money online content,make more income 副业 2026
https://www.mmhow.com/articles/omnichannel-content-opc-path,omnichannel-content-opc-path,,social-media-monetization-red--douyin,Social Media Monetization (RED & Douyin),social-media|content-creation,side hustle social media,used,#57,social media side hustle|make money online content|content creator make money,社交媒体副业 运营 2026
https://www.mmhow.com/articles/online-course-earn-money-knowledge-funnel,online-course-earn-money-knowledge-funnel,,knowledge-monetization--online-courses,Knowledge Monetization & Online Courses,online-courses|make-money-online,online course earn money,used,#10,online course that make money|courses to earn money online|earn money earn money,知识付费 在线课程 赚钱 2026
https://www.mmhow.com/articles/online-course-earn-money-without-heavy-lms,online-course-earn-money-without-heavy-lms,,knowledge-monetization--online-courses,Knowledge Monetization & Online Courses,online-courses|make-money-online,online course earn money,used,#10,online course that make money|courses to earn money online|earn money earn money,知识付费 在线课程 赚钱 2026
https://www.mmhow.com/articles/online-course-zero-audience-waitlist-wave,online-course-zero-audience-waitlist-wave,,knowledge-monetization--online-courses,Knowledge Monetization & Online Courses,online-courses|make-money-online,online course earn money,used,#10,online course that make money|courses on how to make money online|courses to earn money online,知识付费 在线课程 赚钱 2026
https://www.mmhow.com/articles/online-courses-make-money-knowledge-funnel,online-courses-make-money-knowledge-funnel,,knowledge-monetization--online-courses,Knowledge Monetization & Online Courses,online-courses|make-money-online,money makes money and the money that makes money,used,#54,online course that make money|online course earn money|courses on how to make money online,money makes money and the money that makes money 副业 2026
https://www.mmhow.com/articles/online-income-ways-coze-agent-workflows,online-income-ways-coze-agent-workflows,,ai-powered-side-hustles,AI-Powered Side Hustles,ai-side-hustles,online income ways,used,#173"",ways to make money online that actually work|ways to earn passive income online|ways to start making passive income,网上 2026
https://www.mmhow.com/articles/online-income-ways-coze-automation-bounded-workflow,online-income-ways-coze-automation-bounded-workflow,,ai-powered-side-hustles,AI-Powered Side Hustles,ai-side-hustles,online income ways,used,#173"",ways to make money online that actually work|ways to earn passive income online|ways to start making passive income,网上 2026
https://www.mmhow.com/articles/online-income-ways-coze-skill-store-loop,online-income-ways-coze-skill-store-loop,,e-commerce--dropshipping,E-commerce & Dropshipping,e-commerce,online income ways,used,#173"",e commerce passive income|passive income e commerce|ways to earn passive income online,网上 2026
https://www.mmhow.com/articles/online-side-hustles-beginners-capital-gates,online-side-hustles-beginners-capital-gates,,side-hustles-for-students--beginners,Side Hustles for Students & Beginners,student-income|side-hustles,online side hustles for beginners,used,50,side hustles online for students|ways to make money online for beginners|good side hustles to make money online,新手 网上副业 入门 2026
https://www.mmhow.com/articles/online-side-hustles-beginners-filter-gate,online-side-hustles-beginners-filter-gate,,side-hustles-for-students--beginners,Side Hustles for Students & Beginners,student-income|side-hustles,online side hustles for beginners,used,50,side hustles online for students|ways to make money online for beginners|good side hustles to make money online,新手 网上副业 入门 2026
https://www.mmhow.com/articles/paid-community-funnel-lite-pyramid,paid-community-funnel-lite-pyramid,,knowledge-monetization--online-courses,Knowledge Monetization & Online Courses,online-courses|make-money-online,online course earn money,used,#10,online course that make money,知识付费 在线课程 赚钱 2026
https://www.mmhow.com/articles/paid-community-funnel-lite-trust-first,paid-community-funnel-lite-trust-first,,knowledge-monetization--online-courses,Knowledge Monetization & Online Courses,online-courses|make-money-online,online course earn money,used,#10,online course that make money,知识付费 在线课程 赚钱 2026
https://www.mmhow.com/articles/passive-income-digital-triple-export-lane,passive-income-digital-triple-export-lane,,e-commerce--dropshipping,E-commerce & Dropshipping,e-commerce,e commerce passive income,used,#98"",passive income e commerce|digital product passive income|digital products passive income,被动收入 2026
https://www.mmhow.com/articles/passive-income-hustles-index-fund-sleeve,passive-income-hustles-index-fund-sleeve,,investment--passive-income,Investment & Passive Income,investing|passive-income,passive income hustles,used,低,passive income side hustle ideas|side hustle ideas passive income|side hustle passive income ideas,被动收入 副业 2026
https://www.mmhow.com/articles/passive-income-hustles-index-sip-spine,passive-income-hustles-index-sip-spine,,investment--passive-income,Investment & Passive Income,investing|passive-income,passive income hustles,used,低,passive income side hustle ideas|side hustle ideas passive income|side hustle passive income ideas,被动收入 副业 2026
https://www.mmhow.com/articles/passive-income-hustles-index-sleeve-map,passive-income-hustles-index-sleeve-map,,investment--passive-income,Investment & Passive Income,investing|passive-income,passive income hustles,used,低,passive income side hustle ideas|side hustle ideas passive income|side hustle passive income ideas,被动收入 副业 2026
https://www.mmhow.com/articles/passive-income-hustles-yield-shield-not-timing,passive-income-hustles-yield-shield-not-timing,,investment--passive-income,Investment & Passive Income,investing|passive-income,passive income hustles,used,低,passive income side hustle ideas|side hustle ideas passive income|side hustle passive income ideas,被动收入 副业 2026
https://www.mmhow.com/articles/passive-income-ideas-work-caps-honest,passive-income-ideas-work-caps-honest,,investment--passive-income,Investment & Passive Income,investing|passive-income,passive income ideas that actually work,used,低,passive income ideas that work|digital passive income ideas|passive income side hustle ideas,被动收入 靠谱 方法 2026
https://www.mmhow.com/articles/passive-income-social-media-alliance-relay,passive-income-social-media-alliance-relay,,social-media-monetization-red--douyin,Social Media Monetization (RED & Douyin),social-media|content-creation,passive income social media,used,低,social media passive income|side hustle social media|social media side hustle,被动收入 2026
https://www.mmhow.com/articles/passive-income-social-media-save-relay-spine,passive-income-social-media-save-relay-spine,,social-media-monetization-red--douyin,Social Media Monetization (RED & Douyin),social-media|content-creation,passive income social media,used,低,social media passive income|side hustle social media|social media side hustle,被动收入 2026
https://www.mmhow.com/articles/profit-make-money-shopee-light-export-spine,profit-make-money-shopee-light-export-spine,,e-commerce--dropshipping,E-commerce & Dropshipping,e-commerce,money makes money and the money that makes money,used,#54,ways to make your money make money|ways to make money with your money|ways to make more money with money,money makes money and the money that makes money 副业 2026
https://www.mmhow.com/articles/red-buyer-commerce-note-spine-virtual-sku,red-buyer-commerce-note-spine-virtual-sku,,e-commerce--dropshipping,E-commerce & Dropshipping,e-commerce,e commerce money,used,低,e commerce passive income|passive income e commerce|side hustle ecommerce,e commerce money 副业 2026
https://www.mmhow.com/articles/red-three-paths-buyer-commerce-conversion-spine,red-three-paths-buyer-commerce-conversion-spine,,social-media-monetization-red--douyin,Social Media Monetization (RED & Douyin),social-media|content-creation,side hustle social media,used,#57,social media side hustle|e commerce money|e commerce passive income,社交媒体副业 运营 2026
https://www.mmhow.com/articles/seven-ai-income-paths-mine-dig-shovel-map,seven-ai-income-paths-mine-dig-shovel-map,,ai-powered-side-hustles,AI-Powered Side Hustles,ai-side-hustles,ai for making money,used,#46,ai to earn money|digital product passive income|digital products passive income,AI 赚钱 副业 2026
https://www.mmhow.com/articles/side-hustle-ecommerce-two-plays-listing-relay,side-hustle-ecommerce-two-plays-listing-relay,,e-commerce--dropshipping,E-commerce & Dropshipping,e-commerce,side hustle ecommerce,used,#58,e commerce money|e commerce passive income|passive income e commerce,副业 电商 跨境电商 2026
https://www.mmhow.com/articles/social-media-side-hustle-note-spine-weight-gate,social-media-side-hustle-note-spine-weight-gate,,social-media-monetization-red--douyin,Social Media Monetization (RED & Douyin),social-media|content-creation,side hustle social media,used,#57,social media side hustle|a good side hustle to make money|a side hustle that makes money,社交媒体副业 运营 2026
https://www.mmhow.com/articles/start-earning-passive-income-honest-gates,start-earning-passive-income-honest-gates,,investment--passive-income,Investment & Passive Income,investing|passive-income,start earning passive income,used,中,ways to start making passive income|earn money online passive income|start making passive income,被动收入 2026
https://www.mmhow.com/articles/start-earning-without-investment-capital-gates,start-earning-without-investment-capital-gates,,side-hustles-for-students--beginners,Side Hustles for Students & Beginners,student-income|side-hustles,start earning money online without investment,used,50,earn money with investment online|online earning with investment|earn more money online without investment,零投资 网上赚钱 入门 2026
https://www.mmhow.com/articles/start-earning-without-investment-proof-loop,start-earning-without-investment-proof-loop,,side-hustles-for-students--beginners,Side Hustles for Students & Beginners,student-income|side-hustles,start earning money online without investment,used,50,earn money with investment online|online earning with investment|earn more money online without investment,零投资 网上赚钱 入门 2026
https://www.mmhow.com/articles/strategies-freelance-escrow-milestone-fences,strategies-freelance-escrow-milestone-fences,,freelancing--remote-work,Freelancing & Remote Work,freelancing|work-from-home,earn money from freelancing,used,#50,earn money online freelancing|freelancing earn money online|freelancing side,自由职业 接单 赚钱 2026
https://www.mmhow.com/articles/strategies-freelance-escrow-milestone-map,strategies-freelance-escrow-milestone-map,,freelancing--remote-work,Freelancing & Remote Work,freelancing|work-from-home,earn money from freelancing,used,#50,earn money online freelancing|freelancing earn money online|freelancing side,自由职业 接单 赚钱 2026
https://www.mmhow.com/articles/strategies-freelance-escrow-milestone-spine,strategies-freelance-escrow-milestone-spine,,freelancing--remote-work,Freelancing & Remote Work,freelancing|work-from-home,earn money from freelancing,used,#50,earn money online freelancing|freelancing earn money online|freelancing side,自由职业 接单 赚钱 2026
https://www.mmhow.com/articles/strategies-freelance-gigs-platform-scorecard,strategies-freelance-gigs-platform-scorecard,,freelancing--remote-work,Freelancing & Remote Work,freelancing|work-from-home,online platform for earning money for students,used,中,platforms for earning money online|earn money from freelancing|earn money online freelancing,大学生 网上 2026
https://www.mmhow.com/articles/student-novel-promo-side-income-evening-blocks,student-novel-promo-side-income-evening-blocks,,social-media-monetization-red--douyin,Social Media Monetization (RED & Douyin),social-media|content-creation,side hustle social media,used,#57,social media side hustle|earn side income online|extra income side hustles,社交媒体副业 运营 2026
https://www.mmhow.com/articles/student-side-hustle-ideas-campus-caps,student-side-hustle-ideas-campus-caps,,side-hustles-for-students--beginners,Side Hustles for Students & Beginners,student-income|side-hustles,side hustles online for students,used,#131"",online side hustles for beginners|cash side hustle ideas|ideas of side hustles,大学生 网上副业 2026
https://www.mmhow.com/articles/student-side-hustle-ideas-campus-lanes,student-side-hustle-ideas-campus-lanes,,side-hustles-for-students--beginners,Side Hustles for Students & Beginners,student-income|side-hustles,side hustles online for students,used,#131"",online side hustles for beginners|cash side hustle ideas|ideas of side hustles,大学生 网上副业 2026
https://www.mmhow.com/articles/student-side-hustle-ideas-campus-schedule,student-side-hustle-ideas-campus-schedule,,side-hustles-for-students--beginners,Side Hustles for Students & Beginners,student-income|side-hustles,side hustles online for students,used,#131"",online side hustles for beginners|cash side hustle ideas|ideas of side hustles,大学生 网上副业 2026
https://www.mmhow.com/articles/student-side-hustle-ideas-campus-time-blocks,student-side-hustle-ideas-campus-time-blocks,,side-hustles-for-students--beginners,Side Hustles for Students & Beginners,student-income|side-hustles,side hustles online for students,used,#131"",online side hustles for beginners|cash side hustle ideas|ideas of side hustles,大学生 网上副业 2026
https://www.mmhow.com/articles/to-do-money-freelance-platform-comparison,to-do-money-freelance-platform-comparison,,freelancing--remote-work,Freelancing & Remote Work,freelancing|work-from-home,money makes money and the money that makes money,used,#54,online platform for earning money for students|platforms for earning money online|ways for money to make money,money makes money and the money that makes money 副业 2026
https://www.mmhow.com/articles/upwork-survival-playbook-freelance-escrow,upwork-survival-playbook-freelance-escrow,,freelancing--remote-work,Freelancing & Remote Work,freelancing|work-from-home,earn money from freelancing,used,#50,earn money online freelancing|freelancing earn money online|freelancing side,自由职业 接单 赚钱 2026
https://www.mmhow.com/articles/virtual-stores-info-arbitrage-starter,virtual-stores-info-arbitrage-starter,,e-commerce--dropshipping,E-commerce & Dropshipping,e-commerce,e commerce money,used,低,e commerce passive income|passive income e commerce|side hustle ecommerce,e commerce money 副业 2026
https://www.mmhow.com/articles/virtual-stores-side-hustle-digital-sku-loop,virtual-stores-side-hustle-digital-sku-loop,,e-commerce--dropshipping,E-commerce & Dropshipping,e-commerce,side hustle ecommerce,used,#58,side hustle digital products|a good side hustle to make money|a side hustle that makes money,副业 电商 跨境电商 2026
https://www.mmhow.com/articles/virtual-ways-make-money-three-platform-sleeve,virtual-ways-make-money-three-platform-sleeve,,freelancing--remote-work,Freelancing & Remote Work,freelancing|work-from-home,money makes money and the money that makes money,used,#54,ways for money to make money|ways to make your money make money|ways to make money freelancing,money makes money and the money that makes money 副业 2026
https://www.mmhow.com/articles/ways-for-students-to-earn-money-online-with-ai-short-fiction,ways-for-students-to-earn-money-online-with-ai-short-fiction,,ai-powered-side-hustles,AI-Powered Side Hustles,ai-side-hustles,online platform for earning money for students,used,中,online money earning ways for students|ways for students to earn money online|platforms for earning money online,大学生 网上 2026
https://www.mmhow.com/articles/ways-make-money-freelancing-platform-scorecard,ways-make-money-freelancing-platform-scorecard,,freelancing--remote-work,Freelancing & Remote Work,freelancing|work-from-home,money makes money and the money that makes money,used,#54,ways to make money freelancing|ways for money to make money|ways to make your money make money,money makes money and the money that makes money 副业 2026
https://www.mmhow.com/articles/ways-passive-income-online-cash-stack,ways-passive-income-online-cash-stack,,investment--passive-income,Investment & Passive Income,investing|passive-income,ways to earn passive income online,used,50,ways to start making passive income|earn money online passive income|make money online passive income,被动收入 网上 2026
https://www.mmhow.com/articles/ways-to-make-profit-pdd-relay-cell,ways-to-make-profit-pdd-relay-cell,,e-commerce--dropshipping,E-commerce & Dropshipping,e-commerce,ways to make profit,used,低,ways to make your money make money|ways to make money with your money|ways to make more money with money,方法 2026
https://www.mmhow.com/articles/wfh-virtual-triad-remote-income-lanes,wfh-virtual-triad-remote-income-lanes,,freelancing--remote-work,Freelancing & Remote Work,freelancing|work-from-home,earn money from freelancing,used,#50,earn money online freelancing|freelancing earn money online|freelancing side,自由职业 接单 赚钱 2026
https://www.mmhow.com/articles/work-earn-online-freelance-caps-evening,work-earn-online-freelance-caps-evening,,freelancing--remote-work,Freelancing & Remote Work,freelancing|work-from-home,earn money online freelancing,used,#8,freelancing earn money online|earn online work|online earning online,自由职业 网上接单 2026
https://www.mmhow.com/articles/work-from-home-money-earning-caps-evening,work-from-home-money-earning-caps-evening,,side-hustles-for-students--beginners,Side Hustles for Students & Beginners,student-income|side-hustles,work from home money earning,used,50,earn money earn money|home based work for earning money|money makes money and the money that makes money,居家 赚钱 副业 2026
https://www.mmhow.com/articles/work-from-home-money-earning-evening-blocks,work-from-home-money-earning-evening-blocks,,work-from-home--micro-business,Work-from-Home & Micro-Business,work-from-home|make-money-online|side-hustles,work from home money earning,used,50,good side hustles to make money from home|hustles to make money from home|make money from home side hustle,居家 赚钱 副业 2026
https://www.mmhow.com/articles/work-from-home-money-earning-virtual-triad,work-from-home-money-earning-virtual-triad,,information-arbitrage--digital-products,Information Arbitrage & Digital Products,digital-products|make-money-online,work from home money earning,used,50,earn money earn money|home based work for earning money|money makes money and the money that makes money,居家 赚钱 副业 2026
https://www.mmhow.com/articles/xiaohongshu-monetization-weighted-notes-shop-relay,xiaohongshu-monetization-weighted-notes-shop-relay,,e-commerce--dropshipping,E-commerce & Dropshipping,e-commerce,e commerce money,used,低,e commerce passive income|passive income e commerce|side hustle ecommerce,e commerce money 副业 2026